{
    "rootSetting1": 4,
    "rootSetting2": 3,
    "rootSetting3": 4,
    "rootSetting4": "Loaded string",
    "float1": 1.0,
    "float2": -1.0,
    "float3": 500.9876403808594,
    "float4": 5.099999904632568,
    "float5": 5.321000099182129,
    "float6": 500000.09375,
    "double1": 1.0,
    "double2": -1.0,
    "double3": 500.987654321,
    "double4": 5.1,
    "double5": 5.321,
    "double6": 500000.1,
    "bool1": false,
    "bool2": true,
    "bool3": false,
    "bool4": true,
    "bool5": false,
    "root": {
        "a": "b",
        "i1": 3,
        "i2": 2
    },
    "channels": {},
    "double7": 123.456,
    "bool6": false,
    "bool7": true
}