{
    "channelsArray": [
        {
            "name": "pajlada",
            "index": 0
        },
        {
            "name": "hemirt",
            "index": 1
        },
        {
            "name": "gempir",
            "index": 2
        },
        {
            "name": "nightnacht",
            "index": 3
        }
    ],
    "root": {
        "i1": 1,
        "i2": 1
    },
    "channels": {},
    "rootSetting1": 1,
    "rootSetting2": 2,
    "rootSetting3": 3,
    "float1": 1.01010000705719,
    "float2": 1.0101009607315064,
    "float3": 1.1234568357467652,
    "float4": 1.0,
    "float5": 0.0,
    "float6": -0.10000000149011612,
    "double1": 1.0101,
    "double2": 1.0101010101,
    "double3": 1.123456789,
    "double4": 1.0,
    "double5": 0.0,
    "double6": -0.1,
    "double7": 123.456,
    "rootSetting4": "P\u0003§!û\u0000\u0000p\u0002\u0000\u0000\u0000\u0000",
    "bool1": true,
    "bool2": false,
    "bool3": true,
    "bool4": false,
    "bool5": true,
    "bool6": false,
    "bool7": true
}